client,industry,project,description,dt_start,channel,product,design,goal,complexity
Baboom Filmes,comunicacao,Ijen,Infográficos animados para auxiliar na narrativa do documentário,2014-01-15T00:00:00Z,digital,['video'],"['ilustracao', 'motion-graphics', 'infografia']",['informacional'],2
Project Hub,comunicacao,Youtube - Rio Content Market,Aplicativo para realização de pesquisa de opinião em evento,2014-01-05T00:00:00Z,digital,['outras-interfaces'],['user-interface'],"['informacional', 'institucional']",3
Project Hub,comunicacao,Youtube - Rio Content Market,Infográfico com análise visual dos resultados da pesquisa,2014-01-05T00:00:00Z,digital,['infografico'],"['datavis', 'infografia']","['informacional', 'institucional']",2
Project Hub,comunicacao,Youtube - Creator Camp,"Projeto de identidade, linguagem visual e motiongraphics para a série Youtube Creator Camp",2014-09-05T00:00:00Z,digital,['video'],"['motion-graphics', 'infografia']","['educacional', 'institucional']",2
Provokers,pesquisa,Provokers - Pesquisa para a Natura,Infográfico apresentando os resultados da pesquisa realizada pela Provokers para a Natura,2014-05-14T00:00:00Z,impressa,['infografico'],"['ilustracao', 'infografia']",['informacional'],1
Project Hub,comunicacao,Google for education & Fundação Lemann,Aplicativo para pesquisa de opnião em evento,2014-09-06T00:00:00Z,digital,['outras-interfaces'],['user-interface'],"['informacional', 'institucional']",3
Project Hub,comunicacao,Google for education & Fundacao Lemann,Infográfico com análise visual dos resultados da pesquisa,2014-09-06T00:00:00Z,digital,['infografico'],"['ilustracao', 'datavis', 'infografia']","['informacional', 'institucional']",1
Baboom Filmes,comunicacao,"CPFL - Vídeo 1, energia sustentável",Design de linguagem visual e motiongraphics para a vídeo sobre energias renováveis,2014-06-20T00:00:00Z,digital,['video'],"['ilustracao', 'motion-graphics', 'infografia']","['educacional', 'informacional', 'institucional']",2
Baboom Filmes,comunicacao,"CPFL - Vídeo 2, energia sustentável","Projeto de linguagem visual, recursos gráficos e motiongraphics para a vídeo sobre energias renováveis",2014-01-07T00:00:00Z,digital,['video'],"['ilustracao', 'motion-graphics', 'infografia']","['educacional', 'informacional', 'institucional']",2
Project Hub,comunicacao,Plataforma Project Hub,Projeto de design de plataforma para conectar atores da economia criativa à financiadores,2014-09-07T00:00:00Z,digital,['site-institucional'],"['ilustracao', 'editorial', 'user-interface', 'infografia']","['informacional', 'institucional', 'jornalistico-editorial']",4
Project Hub,comunicacao,Youtube - Yoodle,Ilustração animada para o logotipo comemorativo do Youtube durante a Copa do Mundo de 2014,2014-07-15T00:00:00Z,digital,['video'],['ilustracao'],['institucional'],1
Project Hub,comunicacao,Video Casa Preta,"Animação apresentando a Casa Preta, espaço multidisciplinar da Project Hub",2014-07-28T00:00:00Z,digital,['video'],"['ilustracao', 'motion-graphics', 'infografia']","['informacional', 'institucional']",2
PAN Visual,comunicacao,PAN vídeo institucional,Animação institucional para a PAN Visual,2014-07-31T00:00:00Z,digital,['video'],"['ilustracao', 'motion-graphics', 'infografia']","['informacional', 'institucional']",2
WooHoo,comunicacao,WooHoo CGs,Projeto de linguagem visual e motion graphics de peças institucionais para o canal WooHoo,2014-11-08T00:00:00Z,digital,['video'],"['ilustracao', 'motion-graphics']",['institucional'],2
KPMG,consultorias,Segurança no deslocamento,Animação para o setor de prevenção de acidentes da KPMG,2014-08-21T00:00:00Z,digital,['video'],"['ilustracao', 'motion-graphics', 'infografia']","['educacional', 'informacional']",2
Project Hub,comunicacao,Hotsites,Site para projeto da Project Hub com a YouPix,2014-02-09T00:00:00Z,digital,['site-institucional'],['user-interface'],['institucional'],1
Project Hub,comunicacao,Hotsites,Site para o prêmio Brasil Criativo,2014-02-09T00:00:00Z,digital,['site-institucional'],['user-interface'],['institucional'],1
Project Hub,comunicacao,Prêmio Brasil Criativo,Vídeo institucional para divulgação do prêmio Brasil Criativo,2014-09-19T00:00:00Z,digital,['video'],"['ilustracao', 'motion-graphics']","['impacto-positivo', 'institucional']",3
Project Hub,comunicacao,Prêmio Brasil Criativo,Vídeos para cenografia com projeção mapeada durante o evento do Prêmio Brasil Criativo,2014-09-19T00:00:00Z,digital,['video'],"['ilustracao', 'motion-graphics', 'infografia']",['institucional'],4
Novidá,servicos-e-tecnologia,Visualizações de dados e mapas,Projeto de interface e visualização de dados para serviço de mapeamento de comportamento de clientes em lojas,2014-10-10T00:00:00Z,digital,['outras-interfaces'],"['ilustracao', 'user-interface', 'datavis', 'infografia']","['informacional', 'institucional']",3
Marqueterie,comunicacao,Apresentação institucional Marqueterie,Projeto de linguagem e criação de conteúdo visual para a apresentação institucional da empresa,2014-10-15T00:00:00Z,digital,['apresentacao'],"['ilustracao', 'editorial', 'infografia']","['informacional', 'institucional']",2
Project Hub,comunicacao,Amcham,Apresentação para apresentação de projeto Amcham,2014-10-26T00:00:00Z,digital,['apresentacao'],"['ilustracao', 'editorial', 'infografia']",['informacional'],1
Havas,comunicacao,Projeto Havaianas,Narrativa visual em motion graphics para a apresentação de resultados da agência,2014-10-30T00:00:00Z,digital,['video'],"['ilustracao', 'motion-graphics', 'infografia']",['informacional'],2
Centro Universitário Belas Artes,educacao,Apresentação institucional Belas Artes,"Criação de linguagem visual, recursos gráficos e conteúdo visual para apresentação institucional da instituição de ensino Belas Artes",2014-10-30T00:00:00Z,digital,['apresentacao'],"['ilustracao', 'editorial', 'infografia']","['informacional', 'institucional']",1
Anistia Internacional,ongs-orgs,Jovem Negro Vivo,Narrativa visual em motion graphics para apresentar dados sobre a violência contra jovens negros no país,2014-03-11T00:00:00Z,digital,['video'],"['ilustracao', 'motion-graphics', 'datavis', 'infografia']","['educacional', 'informacional', 'impacto-positivo', 'institucional']",4
Anistia Internacional,ongs-orgs,Jovem Negro Vivo,Infográficos para apresentar dados sobre a violência contra jovens negros no país,2014-03-11T00:00:00Z,digital,['infografico'],"['ilustracao', 'datavis', 'infografia']","['educacional', 'informacional', 'impacto-positivo', 'institucional']",3
Progen,outros,Novos materiais institucionais Progen,Desenvolvimento de publicação institucional para a empresa,2014-05-11T00:00:00Z,impressa,['publicacao'],"['ilustracao', 'editorial', 'infografia']","['informacional', 'institucional']",2
Progen,outros,Novos materiais institucionais Progen,Desenvolvimento de publicação para apresentar o portfólio da empresa,2014-05-11T00:00:00Z,impressa,['publicacao'],"['ilustracao', 'editorial', 'infografia']","['informacional', 'institucional']",2
PAN Visual,comunicacao,PAN Visual ESA,Narrativa visual para explicar a atuação da ESA,2014-11-13T00:00:00Z,digital,['video'],"['ilustracao', 'motion-graphics', 'infografia']",['informacional'],1
Deloitte,consultorias,Deslocamento seguro,Narrativa visual em motion graphics para Deloitte,2014-11-18T00:00:00Z,digital,['video'],"['ilustracao', 'motion-graphics', 'infografia']","['educacional', 'informacional']",2
Project Hub,comunicacao,Youtube EDU,Identidade visual para o projeto Youtube EDU,2014-11-27T00:00:00Z,digital,['video'],"['ilustracao', 'motion-graphics', 'infografia']","['educacional', 'informacional', 'institucional']",3
Project Hub,comunicacao,Youtube EDU,Densenvolvimento de CGs e recursos gráfico-visuais para a série do projeto Youtube EDU,2014-11-27T00:00:00Z,digital,['video'],"['ilustracao', 'motion-graphics']","['educacional', 'informacional', 'institucional']",3
Project Hub,comunicacao,Youtube EDU,Desenvolvimento de interface para aplicativo para realização de pesquisa de opinião em evento,2014-11-27T00:00:00Z,digital,['outras-interfaces'],"['ilustracao', 'user-interface', 'datavis', 'infografia']",['institucional'],3
KPMG,consultorias,KPMG Energia,"Narrativa visual em motion graphics sobre as tendências do setor de energia ",2014-08-12T00:00:00Z,digital,['video'],"['ilustracao', 'motion-graphics', 'infografia']",['informacional'],2
Deloitte,consultorias,Deloitte - Voluntários,Narrativa visual em motion graphics apresentando o programa de voluntariado da empresa,2014-12-15T00:00:00Z,digital,['video'],"['ilustracao', 'motion-graphics', 'infografia']","['informacional', 'impacto-positivo', 'institucional']",1
Baboom Filmes,comunicacao,Infográficos Repórter Record,Infografias animadas para programa jornalístico,2015-05-01T00:00:00Z,digital,['video'],"['ilustracao', 'motion-graphics', 'infografia']","['informacional', 'jornalistico-editorial']",1
ESPM,educacao,ESPM cursos,Narrativas visuais em motion graphics apresentando os cursos de graduação e pós graduação da ESPM,2015-01-20T00:00:00Z,digital,['video'],"['ilustracao', 'motion-graphics', 'infografia']","['educacional', 'informacional']",2
Aerolito,servicos-e-tecnologia,Central de monitoramento de dados Globo,Concept com visualizações de dados para central de monitoramento de dados para o grupo de comunicação Globo,2015-05-03T00:00:00Z,digital,['outras-interfaces'],"['ilustracao', 'user-interface', 'datavis']",['informacional'],3
Kompost,comunicacao,UBS Bank,Infográfico para apresentação de resultados do banco UBS,2015-09-03T00:00:00Z,digital,['infografico'],"['ilustracao', 'editorial', 'infografia']","['informacional', 'institucional']",1
MUDA Cultural,comunicacao,Muda Cultural - Vídeo institucional,Narrativa visual em motion graphics apresentando a Muda Cultural,2015-08-04T00:00:00Z,digital,['video'],"['motion-graphics', 'infografia']","['informacional', 'institucional']",1
Redondo,comunicacao,Trema,Infográfico e mapa,2015-04-14T00:00:00Z,digital,['infografico'],"['ilustracao', 'infografia']",['informacional'],1
Editora Abril,jornalismo,Superinteressante - Especial Finanças,Projeto e desenvolvimento da edição especial da revista Superinteressante da ed. Abril sobre o mundo dos investimentos,2015-04-27T00:00:00Z,impressa,['publicacao'],"['ilustracao', 'editorial', 'infografia']","['educacional', 'informacional', 'jornalistico-editorial']",5
Editora Globo,jornalismo,Monet infográfico,Infográfico para a revista Monet da ed. Globo,2015-08-05T00:00:00Z,impressa,['infografico'],"['editorial', 'infografia']",['jornalistico-editorial'],1
KPMG,consultorias,KPMG - SIPAT,Infográfico em motiongraphics para a KPMG,2015-06-16T00:00:00Z,digital,['video'],"['ilustracao', 'motion-graphics']","['educacional', 'informacional']",2
ESPM,educacao,Edição de vídeos ESPM,Edição de vídeos educacionais para ESPM,2015-06-08T00:00:00Z,digital,['video'],"['ilustracao', 'motion-graphics']",['educacional'],1
Loria Consultoria de Marca,consultorias,Apresentação para Rede Globo,Apresentação de slides para a Rede Globo,2015-08-28T00:00:00Z,digital,['apresentacao'],"['ilustracao', 'editorial']","['informacional', 'institucional']",2
F451,jornalismo,Risca Faca - Portal de Notícias,"Design e desenvolvimento para Risca Faca, portal de notícias da F451",2015-08-28T00:00:00Z,digital,['site-editorial'],"['ilustracao', 'editorial', 'user-interface']",['jornalistico-editorial'],5
Deloitte,consultorias,Deloitte - Hepatite C,Vídeo infográfico para conscientização sobre prevenção da Hepatite C,2015-05-09T00:00:00Z,digital,['video'],"['ilustracao', 'motion-graphics']","['educacional', 'informacional']",2
Perestroika,educacao,Experience Learning,"Conteúdo visual e infografia para explicar a Experience Learning, metodologia da Perestroika",2015-09-16T00:00:00Z,digital,['apresentacao'],"['ilustracao', 'editorial', 'infografia']","['informacional', 'impacto-positivo', 'institucional']",4
New Content,comunicacao,New Content - Latam,"Concept, design e animação para LATAM",2015-09-22T00:00:00Z,digital,['video'],['motion-graphics'],['institucional'],2
Project Hub,comunicacao,DUPont - Future Makers,"Animação para a Future Makers, uma chamada criativa apresentada pela DUpont",2015-01-10T00:00:00Z,digital,['video'],['motion-graphics'],"['informacional', 'impacto-positivo']",2
Instituto Península,pesquisa,"Apresentação institucional ",Apresentação institucional para Instituto Península,2015-05-11T00:00:00Z,digital,['apresentacao'],['editorial'],['institucional'],3
Bufalos,comunicacao,Ícones animados para JEEP,Ilustração e animação de ícones para campanha da JEEP,2015-12-11T00:00:00Z,digital,['video'],['ilustracao'],['institucional'],3
ESPM,educacao,Curso de férias,Animação para os cursos de férias oferecidos pela ESPM,2015-11-16T00:00:00Z,digital,['video'],"['ilustracao', 'motion-graphics']",['informacional'],2
Deloitte,consultorias,Deslocamentos,Vídeo animado sobre cuidados nos deslocamentos para a empresa,2015-11-25T00:00:00Z,digital,['video'],"['ilustracao', 'motion-graphics']",['informacional'],2
Editora Globo,jornalismo,"Infográfico ",Infográfico para Época Negócios,2015-02-12T00:00:00Z,impressa,['infografico'],"['ilustracao', 'infografia']",['jornalistico-editorial'],2
PNUD,ongs-orgs,IDHM,Projeto para índice de desenvolvimento humano municipal brasileiro,2015-02-12T00:00:00Z,impressa,['publicacao'],"['editorial', 'datavis', 'infografia']","['impacto-positivo', 'institucional']",5
Bufalos,comunicacao,Bufalos - GE Época Negócios,Publi Editorial para GE + Época Negócios,2015-10-12T00:00:00Z,impressa,['infografico'],"['ilustracao', 'infografia']","['informacional', 'jornalistico-editorial']",2
CBA B+G,comunicacao,Futurologia,Relatório de tendências do futuro da CBA B+G,2015-10-12T00:00:00Z,impressa,['publicacao'],"['ilustracao', 'editorial', 'infografia']",['informacional'],4
F451,comunicacao,F451 - Newsletter,Projeto gráfico para newsletter da F451,2015-12-14T00:00:00Z,digital,['site-institucional'],['user-interface'],['informacional'],1
Deloitte,consultorias,Deloitte Flex,Animação sobre clube de benefícios Deloitte Flex,2015-12-15T00:00:00Z,digital,['video'],"['ilustracao', 'motion-graphics']",['informacional'],1
ESPM,educacao,Vídeos Graduação,Pacote de animações para explicar os cursos de graduação da ESPM,2015-12-14T00:00:00Z,digital,['video'],"['ilustracao', 'motion-graphics', 'infografia']",['educacional'],4
Lab Analytics,educacao,"Identidade visual do Lab Analytics ","Projeto de identidade visual para o laboratório Analytics, do curso de Ciência de Dados da UFCG",2015-12-27T00:00:00Z,impressa,['outras-interfaces'],"['ilustracao', 'editorial', 'motion-graphics', 'infografia']","['educacional', 'informacional']",4
Deloitte,consultorias,Boas práticas em redes sociais,Animação com boas práticas para uso de redes sociais,2016-01-15T00:00:00Z,digital,['video'],"['ilustracao', 'motion-graphics']",['informacional'],2
Gaikosu,ongs-orgs,Gaikosu,Identidade visual para o app Gaikosu,2016-10-02T00:00:00Z,digital,['apresentacao'],"['ilustracao', 'editorial', 'infografia']",['institucional'],4
Fazenda do Bosque,outros,Fazenda do Bosque,Identidade visual e apresentação para Fazenda do Bosque,2016-02-16T00:00:00Z,impressa,['apresentacao'],"['ilustracao', 'editorial']",['informacional'],3
Itáu,financeiro,Itaú - Investimentos,Explicação Visual para investimentos,2016-03-16T00:00:00Z,digital,['video'],"['ilustracao', 'motion-graphics', 'infografia']",['informacional'],5
Itáu,financeiro,Itaú - Investimentos,Explicação Visual para investimentos,2016-03-16T00:00:00Z,digital,['video'],"['ilustracao', 'motion-graphics', 'infografia']",['informacional'],5
Itáu,financeiro,Itaú - Investimentos,Explicação Visual para investimentos,2016-03-16T00:00:00Z,digital,['video'],"['ilustracao', 'motion-graphics', 'infografia']",['informacional'],5
Itáu,financeiro,Itaú - Investimentos,Explicação Visual para investimentos,2016-03-16T00:00:00Z,digital,['video'],"['ilustracao', 'motion-graphics', 'infografia']",['informacional'],5
Itáu,financeiro,Itaú - Investimentos,Explicação Visual para investimentos,2016-03-16T00:00:00Z,digital,['video'],"['ilustracao', 'motion-graphics', 'infografia']",['informacional'],5
Matriz,comunicacao,Animações,Animações para Agência Matriz,2016-03-23T00:00:00Z,digital,['video'],"['ilustracao', 'motion-graphics']",['informacional'],3
Green Park Content,comunicacao,Infográfico Institucional,Infográfico para Green Park Content,2016-03-26T00:00:00Z,digital,['infografico'],"['editorial', 'infografia']",['informacional'],3
ESPM,educacao,Administração no RJ,Animação para explicar o curso de Administração da ESPM RJ,2016-06-05T00:00:00Z,digital,['video'],"['ilustracao', 'motion-graphics']",['informacional'],2
ESPM,educacao,Curso de Atualização Profissional,Animação para apresentar o curso de atualização profissional da ESPM RJ,2016-06-05T00:00:00Z,digital,['video'],"['ilustracao', 'motion-graphics']",['informacional'],2
Bufalos/FIAT,comunicacao,Letterings FIAT,Design de letterings e animação para campanha FIAT,2016-10-05T00:00:00Z,digital,['video'],"['ilustracao', 'motion-graphics']",['institucional'],4
Ricardo Gandour,jornalismo,The new information environment,Animação para explicar tese do jornalista Ricardo Gandour,2016-11-05T00:00:00Z,digital,['video'],"['ilustracao', 'motion-graphics', 'infografia']","['informacional', 'impacto-positivo']",5
Project Hub,comunicacao,Institucional Project HUB,Animação institucional para a Project HUB,2016-12-05T00:00:00Z,digital,['video'],"['ilustracao', 'motion-graphics', 'infografia']",['informacional'],3
Rede Justiça Criminal,ongs-orgs,Publicação Rede Justiça Criminal,Publicação para explicar a atuação e objetivos da Rede Justiça Criminal,2016-06-24T00:00:00Z,impressa,['publicacao'],"['ilustracao', 'editorial', 'infografia']",['impacto-positivo'],4
PAN Visual Content,comunicacao,Revista SFI,Ilustrações para revista SFI,2016-08-07T00:00:00Z,impressa,['publicacao'],['ilustracao'],['jornalistico-editorial'],3
E-Bricks Ventures,financeiro,Institucional E-Bricks Ventures,Apresentação institucional para pitch,2016-07-14T00:00:00Z,digital,['apresentacao'],"['ilustracao', 'editorial', 'infografia']","['informacional', 'institucional']",4
PNUD,ongs-orgs,ONU - Caderno de Esportes,Design e diagramação de Caderno de Esportes para PNUD/ONU,2016-07-21T00:00:00Z,impressa,['publicacao'],"['ilustracao', 'editorial', 'infografia']","['educacional', 'impacto-positivo']",5
Rede Justiça Criminal,ongs-orgs,Infográfico Rede Justiça Criminal,Design de infográfico para explicar a Rede Justiça Criminal,2016-07-21T00:00:00Z,impressa,['infografico'],"['ilustracao', 'editorial', 'infografia']","['informacional', 'impacto-positivo']",3
Bufalos,comunicacao,Toyota Prius,"Design de lettering, ilustração e animação para campanha do Toyota Prius",2016-07-25T00:00:00Z,digital,['video'],"['ilustracao', 'motion-graphics', 'infografia']",['institucional'],4
PNUD,ongs-orgs,Documento Referencial,"Projeto gráfico, design e diagramação de Documento Referencial PNUD",2016-04-08T00:00:00Z,impressa,['publicacao'],"['editorial', 'infografia']",['impacto-positivo'],5
PNUD,ongs-orgs,Escolas Ativas,Tradução para publicação Escolas Ativas,2016-05-08T00:00:00Z,impressa,['publicacao'],['editorial'],"['educacional', 'informacional']",2
Exato Digital,servicos-e-tecnologia,Exato Digital vídeo explicativo,Narrativa visual em motiongraphics para explicar o serviço do Exato Digital,2023-10-15T00:00:00Z,digital,['video'],"['ilustracao', 'motion-graphics', 'infografia']","['informacional', 'institucional']",3
Estúdio Varanda,comunicacao,Revista Pesquisa Fapesp,Animação para reportagem da Revista Pesquisa Fapesp,2016-09-08T00:00:00Z,digital,['video'],"['motion-graphics', 'infografia']",['educacional'],4
Ayo Tech,financeiro,Ayo Tech vídeo institucional,Narrativa visual em motiongraphics que apresenta o grupo Ayo Tech,2023-11-10T00:00:00Z,digital,['video'],"['ilustracao', 'motion-graphics', 'infografia']","['informacional', 'institucional']",4
Funbio,ongs-orgs,Preservação das Toninhas,Site e infográfico interativo sobre as pesquisas científicas em torno das toninhas,2023-04-05T00:00:00Z,digital,['site-editorial'],"['ilustracao', 'editorial', 'user-interface', 'datavis', 'infografia']","['educacional', 'informacional', 'jornalistico-editorial']",5
Funbio,ongs-orgs,Preservação das Toninhas,Mapeamento estratégico e série do workshops para definir possíveis soluções e estabelecer requisitos para o projeto,2023-04-05T00:00:00Z,consultoria,['site-editorial'],['design-de-servicos'],"['educacional', 'informacional', 'jornalistico-editorial']",5
Mutua Systems,servicos-e-tecnologia,"Mutua co-design ","Usamos abordagens de design participativo para descobrir e definir problemas, oportunidades e estratégias para a futura plataforma da Mutua Systems",2023-01-06T00:00:00Z,consultoria,['outras-interfaces'],"['design-de-servicos', 'datavis']",['informacional'],5
Project Hub,comunicacao,Project HUB MCI,Animação Project Hub + MCI,2016-10-08T00:00:00Z,digital,['video'],"['ilustracao', 'motion-graphics', 'infografia']","['informacional', 'institucional']",3
Agência Matriz,comunicacao,IEL,Animação para explicar o IEL - Instituto Euvaldo Lodi,2016-10-08T00:00:00Z,digital,['video'],"['ilustracao', 'motion-graphics']",['institucional'],2
Agência Matriz,comunicacao,SESI,Animação para explicar a função do SESI - Serviço Social da Indústria,2016-12-08T00:00:00Z,digital,['video'],"['ilustracao', 'motion-graphics']",['institucional'],3
Agência Matriz,comunicacao,SENAI,"Animação para explicar o SENAI - Serviço Nacional de Aprendizagem Industrial ",2016-08-15T00:00:00Z,digital,['video'],"['ilustracao', 'motion-graphics']",['institucional'],3
Honda,outros,Consórcio Honda,Animação para apresentar o Consórcio Honda,2016-08-16T00:00:00Z,digital,['video'],"['ilustracao', 'motion-graphics', 'infografia']",['institucional'],2
Reset,jornalismo,"Reset, recursos para redes sociais",Criação de recursos gráficos para apresentação de conteúdo editorial em redes sociais,2023-08-18T00:00:00Z,digital,['publicacao'],"['editorial', 'infografia']",['jornalistico-editorial'],1
Honda,outros,Consórcio Honda,Folder e folheto para apresentar o Consórcio Honda,2016-08-16T00:00:00Z,impressa,['publicacao'],"['ilustracao', 'editorial', 'infografia']",['institucional'],4
B3,financeiro,Investimentos B3,Animação para explicar os investimentos mais populares da B3,2016-08-19T00:00:00Z,digital,['video'],"['ilustracao', 'motion-graphics', 'infografia']","['educacional', 'informacional']",5
Stella Comunicação,comunicacao,Série de infográficos para a Nutrien,Pacote de infográficos desenvolvidos para explicar os processos internos da empresa,2023-05-09T00:00:00Z,digital,['infografico'],"['ilustracao', 'infografia']","['informacional', 'institucional']",2
Stella Comunicação,comunicacao,Série de infográficos para a Nutrien,Pacote de infográficos desenvolvidos para explicar os processos internos da empresa,2023-05-09T00:00:00Z,digital,['infografico'],"['ilustracao', 'infografia']","['informacional', 'institucional']",2
Stella Comunicação,comunicacao,Série de infográficos para a Nutrien,Pacote de infográficos desenvolvidos para explicar os processos internos da empresa,2023-05-09T00:00:00Z,digital,['infografico'],"['ilustracao', 'infografia']","['informacional', 'institucional']",2
Honda,outros,Plano UNIC,Animação para apresentar o Plano UNIC Honda,2016-08-22T00:00:00Z,digital,['video'],"['ilustracao', 'motion-graphics', 'infografia']",['institucional'],2
Companhia das Letras,jornalismo,Palestras e CIA,"Site institucional para Palestras e CIA, o núcleo de palestrantes da Companhia Das Letras",2016-08-22T00:00:00Z,digital,['site-institucional'],['user-interface'],['institucional'],5
Rede Justiça Criminal,ongs-orgs,10 razões para não diminuir a maioridade penal no Brasil,Projeto gráfico e diagramação para publicação 10 razões para não diminuir a maioridade penal no Brasil,2016-08-25T00:00:00Z,impressa,['publicacao'],"['ilustracao', 'editorial', 'infografia']",['impacto-positivo'],4
Alana,ongs-orgs,Relatório Alana 2023,Desenvolvimento do relatório institucional da Alana do ano de 2023,2023-12-06T00:00:00Z,digital,['relatorios'],"['ilustracao', 'editorial', 'infografia']","['impacto-positivo', 'institucional', 'jornalistico-editorial']",4
Ipplan,pesquisa,Futuros Cenários São José 2035,Publicação sobre futuros cenários da cidade paulista São José dos Campos,2016-08-25T00:00:00Z,impressa,['publicacao'],"['ilustracao', 'editorial', 'infografia']",['informacional'],5
F451,comunicacao,Material Institucional da F451,"Site, apresentação e vídeo para F451",2016-08-28T00:00:00Z,digital,['apresentacao'],"['ilustracao', 'editorial', 'user-interface', 'infografia']",['institucional'],4
CCR,servicos-e-tecnologia,Infográficos para o Grupo CCR,Desenvolvimento de série de infográficos para o grupo CCR,2023-07-27T00:00:00Z,digital,['infografico'],"['ilustracao', 'infografia']","['informacional', 'institucional']",2
CCR,servicos-e-tecnologia,Infográficos para o Grupo CCR,Desenvolvimento de série de infográficos para o grupo CCR,2023-07-27T00:00:00Z,digital,['infografico'],"['ilustracao', 'infografia']","['informacional', 'institucional']",2
CCR,servicos-e-tecnologia,Infográficos para o Grupo CCR,Desenvolvimento de série de infográficos para o grupo CCR,2023-07-27T00:00:00Z,digital,['infografico'],"['ilustracao', 'infografia']","['informacional', 'institucional']",2
CCR,servicos-e-tecnologia,Infográficos para o Grupo CCR,Desenvolvimento de série de infográficos para o grupo CCR,2023-07-27T00:00:00Z,digital,['infografico'],"['ilustracao', 'infografia']","['informacional', 'institucional']",2
CCR,servicos-e-tecnologia,Infográficos para o Grupo CCR,Desenvolvimento de série de infográficos para o grupo CCR,2023-07-27T00:00:00Z,digital,['infografico'],"['ilustracao', 'infografia']","['informacional', 'institucional']",2
PNUD,ongs-orgs,Escolas Ativas,Design e diagramação do Caderno Escolas Ativas,2016-09-09T00:00:00Z,impressa,['publicacao'],"['ilustracao', 'editorial', 'infografia']",['educacional'],5
CCR,servicos-e-tecnologia,Infográficos em motiongraphics,Série de infográficos em motiongraphics para apresentar os serviços do grupo CCR,2023-07-27T00:00:00Z,digital,['video'],"['ilustracao', 'motion-graphics', 'infografia']","['informacional', 'institucional']",3
CCR,servicos-e-tecnologia,Infográficos em motiongraphics,Série de infográficos em motiongraphics para apresentar os serviços do grupo CCR,2023-07-27T00:00:00Z,digital,['video'],"['ilustracao', 'motion-graphics', 'infografia']","['informacional', 'institucional']",3
CCR,servicos-e-tecnologia,Infográficos em motiongraphics,Série de infográficos em motiongraphics para apresentar os serviços do grupo CCR,2023-07-27T00:00:00Z,digital,['video'],"['ilustracao', 'motion-graphics', 'infografia']","['informacional', 'institucional']",3
Finvest,financeiro,Institucional Finvest,Apresentação institucional para Finvest,2016-09-15T00:00:00Z,digital,['apresentacao'],"['ilustracao', 'editorial', 'infografia']",['institucional'],3
Consumoteca,pesquisa,Consumoteca TROP,Desenvolvimento da visualização de dados radar TROP e de infográficos para explicação do método,2023-06-20T00:00:00Z,digital,['apresentacao'],"['ilustracao', 'datavis', 'infografia']","['informacional', 'institucional']",4
Consumoteca,pesquisa,Consumoteca TROP,Processo de design com foco no mapeamento estratégico e série do workshops para definir possíveis soluções e estabelecer requisitos para o projeto,2023-06-20T00:00:00Z,consultoria,['outras-interfaces'],"['ilustracao', 'datavis', 'infografia']","['informacional', 'institucional']",4
Agroicone,pesquisa,Infográficos Agroícone,Design e infografia para explicar métodos e atuação da Agroicone,2016-10-18T00:00:00Z,digital,['infografico'],['design-de-servicos'],['institucional'],3
Consumoteca,pesquisa,Consumoteca TROP,Desenvolvimento da visualização de dados radar TROP e de infográficos para explicação do método,2023-06-20T00:00:00Z,digital,['infografico'],"['ilustracao', 'datavis', 'infografia']","['informacional', 'institucional']",5
Honda,outros,Publicação Honda,Design e diagramação para publicação do banco Honda,2016-10-25T00:00:00Z,impressa,['publicacao'],"['ilustracao', 'editorial', 'infografia']",['institucional'],2
Consumoteca,pesquisa,Consumoteca TROP,Desenvolvimento de site para apresentar a metodologia TROP,2023-06-20T00:00:00Z,digital,['site-institucional'],"['motion-graphics', 'user-interface', 'infografia']","['informacional', 'institucional']",4
ESPM,educacao,Mestrado ESPM,Animação para explicar o Mestrado ESPM,2016-10-25T00:00:00Z,digital,['video'],"['ilustracao', 'motion-graphics', 'infografia']",['informacional'],2
PAN Visual Content,comunicacao,SAP Book empreendedorismo,"Design de e-book para SAP, tema Empreendedorismo",2016-10-31T00:00:00Z,digital,['publicacao'],"['ilustracao', 'editorial', 'infografia']",['institucional'],4
Consumoteca,pesquisa,Consumoteca TROP,Desenvolvimento de peças promocionais para a divulgação da metodologia TROP,2023-06-20T00:00:00Z,impressa,['publicacao'],"['ilustracao', 'editorial', 'infografia']",['institucional'],3
Stella Comunicação,comunicacao,Infográficos para a Sodexo,Série de infográficos para explicar processos e boas práticas da Sodexo,2023-05-07T00:00:00Z,digital,['infografico'],"['ilustracao', 'infografia']","['educacional', 'informacional']",2
Stella Comunicação,comunicacao,Infográficos para a Sodexo,Série de infográficos para explicar processos e boas práticas da Sodexo,2023-05-07T00:00:00Z,digital,['infografico'],"['ilustracao', 'infografia']","['educacional', 'informacional']",2
Stella Comunicação,comunicacao,Infográficos para a Sodexo,Série de infográficos para explicar processos e boas práticas da Sodexo,2023-05-07T00:00:00Z,digital,['infografico'],"['ilustracao', 'infografia']","['educacional', 'informacional']",2
Stella Comunicação,comunicacao,Infográficos para a Sodexo,Série de infográficos para explicar processos e boas práticas da Sodexo,2023-05-07T00:00:00Z,digital,['infografico'],"['ilustracao', 'infografia']","['educacional', 'informacional']",2
PAN Visual Content,comunicacao,Animação institucional,Animação Institucional da PAN Visual Content,2016-03-11T00:00:00Z,digital,['video'],"['ilustracao', 'motion-graphics', 'infografia']","['informacional', 'institucional']",4
Companhia das Letras,jornalismo,Animação Companhia das Letras,Design e motion graphics para institucional Companhia das Letras,2016-11-11T00:00:00Z,digital,['video'],"['ilustracao', 'motion-graphics']",['institucional'],4
Sincronia Filmes,comunicacao,Vinhetas Sincronia Filmes,Design e animação de Vinhetas e CGs para a produtora Sincronia Filmes,2016-11-11T00:00:00Z,digital,['video'],"['ilustracao', 'motion-graphics']",['institucional'],3
"DPZ&T ",comunicacao,Piloto para concorrência,Apresentação contendo explicação para concorrência da DPZ&T,2016-05-12T00:00:00Z,digital,['apresentacao'],"['ilustracao', 'editorial', 'infografia']",['informacional'],4
Reset,jornalismo,Apresentação institucional para Reset,Desenvolvimento da nova apresentação institucional para o Reset,2023-07-13T00:00:00Z,digital,['apresentacao'],"['ilustracao', 'editorial', 'infografia']",['institucional'],2
PNUD,ongs-orgs,Caderno Comunidades,Design e diagramação para publicação sobre Comunidades,2016-05-12T00:00:00Z,impressa,['publicacao'],"['ilustracao', 'editorial', 'infografia']","['educacional', 'informacional', 'impacto-positivo']",5
Reset,jornalismo,Relatório Reset,"Desenvolvimento de relatório para o Reset ",2023-07-13T00:00:00Z,digital,['relatorios'],"['ilustracao', 'editorial', 'infografia']","['informacional', 'institucional', 'jornalistico-editorial']",3
Reset,jornalismo,Infográfico para o Reset,Criação de infográfico para o Reset,2023-07-13T00:00:00Z,digital,['infografico'],"['ilustracao', 'infografia']","['informacional', 'institucional', 'jornalistico-editorial']",2
IEPS,jornalismo,Site IEPS,Design e desenvolvimento do novo site IEPS,2022-06-13T00:00:00Z,digital,['site-institucional'],"['editorial', 'design-de-servicos', 'user-interface']","['informacional', 'institucional', 'jornalistico-editorial']",5
IEPS,jornalismo,Site IEPS,Processo de design com foco no mapeamento estratégico e série do workshops para definir possíveis soluções e estabelecer requisitos para o projeto,2022-06-13T00:00:00Z,consultoria,['site-editorial'],['design-de-servicos'],"['informacional', 'institucional', 'jornalistico-editorial']",5
Honda,outros,Honda salão do altomóvel,Material informativo impresso para a Honda no salão do automóvel de São Paulo,2016-12-15T00:00:00Z,impressa,['infografico'],"['ilustracao', 'editorial', 'infografia']","['informacional', 'institucional']",3
Honda,outros,Honda Salão do automóvel,Vídeo institucional para a Honda no salão do automóvel de São Paulo,2016-12-15T00:00:00Z,digital,['video'],"['ilustracao', 'motion-graphics', 'infografia']","['informacional', 'institucional']",4
Deloitte,consultorias,Deloitte Flex,Vídeo informativo para explicar o funcionamento do recurso Deloitte Flex,2016-12-26T00:00:00Z,digital,['video'],"['ilustracao', 'motion-graphics', 'infografia']","['informacional', 'institucional']",3
E-Bricks,financeiro,E-Bricks apresentação institucional,Desenvolvimento de apresentação para E-Bricks,2017-12-01T00:00:00Z,digital,['apresentacao'],"['ilustracao', 'editorial', 'infografia']","['informacional', 'institucional']",2
BENHU,educacao,BENHU animação,Animação informacional para the Berlin Entrepreneurship Network of Universities and Enterprises,2017-02-16T00:00:00Z,digital,['video'],"['ilustracao', 'motion-graphics', 'infografia']","['educacional', 'informacional', 'institucional']",4
Agroicone,ongs-orgs,Vídeo Agroicone,Vídeo informacional para a Agroicone,2017-02-22T00:00:00Z,digital,['video'],"['ilustracao', 'motion-graphics', 'infografia']","['informacional', 'impacto-positivo', 'institucional']",4
Sincronia Filmes,comunicacao,Animações para a Sincronia,Pacote de CGs para vídeos produzidos pela Sincronia Filmes,2017-11-04T00:00:00Z,digital,['video'],"['ilustracao', 'motion-graphics', 'infografia']","['institucional', 'jornalistico-editorial']",3
Companhia das Letras,jornalismo,Ideias na Cia,Design e desenvolvimento de site para a Cia das Letras,2017-04-14T00:00:00Z,digital,['site-editorial'],"['editorial', 'design-de-servicos', 'user-interface']","['informacional', 'institucional', 'jornalistico-editorial']",4
Report Sustentabilidade,comunicacao,Infográfico Caixa Econômica Federal,Infográficos para compor relatório da Caixa Econômica Federal,2017-04-20T00:00:00Z,impressa,['infografico'],"['ilustracao', 'editorial', 'datavis', 'infografia']","['informacional', 'institucional']",4
Report Sustentabilidade,comunicacao,Infográficos sustentabilidade,Infográficos para compor relatório de sustentabilidade.,2017-04-20T00:00:00Z,impressa,['infografico'],"['ilustracao', 'editorial', 'datavis', 'infografia']","['informacional', 'impacto-positivo', 'institucional']",3
Itaú Cultural,ongs-orgs,Infográfico Itaú Cultural,"Infográfico para apresentar as transformações da avenida Paulista para livro da instituição. ",2017-05-25T00:00:00Z,impressa,['infografico'],"['ilustracao', 'editorial', 'infografia']","['informacional', 'institucional']",5
SEO,comunicacao,Infográfico programa múltiplus,Infográfico apresentando o funcionamento do programa múltiplos de pontos.,2017-05-29T00:00:00Z,impressa,['infografico'],"['ilustracao', 'editorial', 'infografia']",['informacional'],2
B3,financeiro,B3 Investimentos em ETF,Animações informacionais explicando diferentes tipos de investimentos.,2017-05-06T00:00:00Z,digital,['video'],"['ilustracao', 'motion-graphics', 'infografia']","['educacional', 'informacional']",4
ITTC,ongs-orgs,Cartilha ITTC,Desenvolvimento de material impresso com infográficos para o ITTC,2017-12-06T00:00:00Z,impressa,['publicacao'],"['ilustracao', 'editorial', 'infografia']","['educacional', 'informacional', 'impacto-positivo']",5
Sincronia Filmes,comunicacao,Identidade animada Sincronia,Animação de pacote gráfico e desenvolvimento de animações e vinhetas institucionais da Sincronia.,2017-06-13T00:00:00Z,digital,['video'],"['ilustracao', 'motion-graphics']",['institucional'],5
Meddco,outros,Vídeo informacional Meddco,Vídeo utilizando infográficos para apresentar o serviço da Meddco.,2017-06-13T00:00:00Z,digital,['video'],"['ilustracao', 'motion-graphics', 'infografia']","['informacional', 'institucional']",3
DPZ&T,comunicacao,Site DPZ&T,Site para campanha DPZ&T,2017-03-07T00:00:00Z,digital,['site-institucional'],"['ilustracao', 'user-interface']",['informacional'],3
DPZ&T,comunicacao,Vídeo DPZ&T,Vídeo para explicar a atuação da instituição.,2017-03-07T00:00:00Z,digital,['video'],"['ilustracao', 'motion-graphics', 'infografia']",['informacional'],4
ESPM,educacao,Curso de graduação em Design,Desenvolvimento de vídeo apresentando o curso de graduação em Design,2017-03-07T00:00:00Z,digital,['video'],"['ilustracao', 'motion-graphics', 'infografia']","['informacional', 'institucional']",3
Agroicone,consultorias,Vídeo Agroicone,Vídeo explicativo sobre o uso de terras na pecurária,2017-10-07T00:00:00Z,digital,['video'],"['ilustracao', 'motion-graphics', 'infografia']","['educacional', 'informacional', 'impacto-positivo']",4
Companhia das Letras,jornalismo,Versão incremental do site Autores na Cia,Desenvolvimento de novos recursos para o website,2017-07-13T00:00:00Z,digital,['site-institucional'],"['editorial', 'user-interface']","['informacional', 'institucional']",2
Estúdio Varanda,comunicacao,Letterings animados,Design e animação de letterings e CGs para documentário,2017-01-08T00:00:00Z,digital,['video'],"['ilustracao', 'motion-graphics', 'infografia']","['informacional', 'jornalistico-editorial']",3
Rua Filmes,comunicacao,Mapas Greenpeace,Design e animação de mapas para documentário para o Greenpeace,2017-08-21T00:00:00Z,digital,['video'],"['ilustracao', 'motion-graphics', 'infografia']","['informacional', 'impacto-positivo', 'jornalistico-editorial']",4
B3,financeiro,B3 Educacional,Desenvolvimento de vídeo informacional sobre investimentos,2017-08-22T00:00:00Z,digital,['video'],"['ilustracao', 'motion-graphics', 'infografia']","['educacional', 'informacional']",5
B3,financeiro,B3 & Itaú Investimentos,Desenvolvimento de vídeo explicando como funcionam os investimentos no tesouro direto.,2017-08-31T00:00:00Z,digital,['video'],"['ilustracao', 'motion-graphics', 'infografia']","['educacional', 'informacional']",3
Isetor,financeiro,Consultoria em design de informação,Pesquisa e proposições de estratégias e abordagens para a apresentação de informação da empresa,2017-06-09T00:00:00Z,consultoria,['relatorios'],"['design-de-servicos', 'datavis', 'infografia']","['informacional', 'institucional']",5
Isetor,financeiro,"Templates para apresentação ",Criação de templates para apresentação de informação qualitativa e quantitativa,2017-06-09T00:00:00Z,digital,['apresentacao'],"['editorial', 'datavis', 'infografia']","['informacional', 'institucional']",3
Bufalos,comunicacao,Apresentação Institucional,Desenvolvimento de apresentação institucional para a Bufalos,2017-11-09T00:00:00Z,digital,['apresentacao'],"['ilustracao', 'editorial', 'infografia']","['informacional', 'institucional']",2
Casion,servicos-e-tecnologia,Vídeo Casion,Design e animação de vídeo informacional explicando a atuação da empresa,2017-09-15T00:00:00Z,digital,['video'],"['ilustracao', 'motion-graphics']","['informacional', 'institucional']",4
Report Sustentabilidade,jornalismo,"Infográficos para relatório ",Conjunto de infográficos para relatório anual,2017-09-21T00:00:00Z,impressa,['infografico'],"['ilustracao', 'editorial', 'datavis', 'infografia']","['informacional', 'institucional', 'jornalistico-editorial']",3
Report Sustentabilidade,jornalismo,"Infográficos para relatório ",Conjunto de infográficos para relatório anual,2017-09-21T00:00:00Z,impressa,['infografico'],"['ilustracao', 'editorial', 'datavis', 'infografia']","['informacional', 'institucional', 'jornalistico-editorial']",3
Editora Globo,jornalismo,Infográficos PEGN,Infográficos para a revista Pequenas Empresas Grandes Negócios,2017-09-30T00:00:00Z,impressa,['infografico'],"['ilustracao', 'editorial', 'infografia']","['informacional', 'jornalistico-editorial']",3
Repórter Brasil,jornalismo,Servidão por dívida,Especial jornalístico para reportagem investigativa da Repórter Brasil,2017-10-23T00:00:00Z,digital,['site-editorial'],"['editorial', 'user-interface', 'infografia']","['informacional', 'impacto-positivo', 'jornalistico-editorial']",5
Casion,servicos-e-tecnologia,Dashboard,Design de dashboard e interface para dados de analytics,2017-10-25T00:00:00Z,digital,['outras-interfaces'],"['user-interface', 'datavis', 'infografia']",['informacional'],4
Agroicone,consultorias,Infográficos,Infográficos para relatório da Agroícone sobre o uso do solo na agropecuária,2017-07-11T00:00:00Z,impressa,['infografico'],"['editorial', 'infografia']","['informacional', 'impacto-positivo']",1
Sincronia Filmes,comunicacao,Pacote de CGs,Pacote de recursos em motion graphics para a identidade visual da Sincronia Filmes,2017-11-14T00:00:00Z,digital,['video'],['motion-graphics'],['institucional'],3
Editora Globo,jornalismo,Infográficos Época Negócios,Desenvolvimento de infográficos para a revista época Negócios,2017-01-12T00:00:00Z,impressa,['infografico'],"['ilustracao', 'editorial', 'infografia']","['informacional', 'jornalistico-editorial']",2
ISA,ongs-orgs,Cogumelos Sonoma,Infográfico para apresentar todo o processo em torno do cogumelo yanomami,2017-01-12T00:00:00Z,impressa,['infografico'],"['ilustracao', 'editorial', 'infografia']","['educacional', 'informacional', 'impacto-positivo']",4
Reporter Brasil,jornalismo,Repórter Brasil - Suape,Especial jornalístico para reportagem investigativa realizada pela equipe da Repórter Brasil,2017-05-12T00:00:00Z,digital,['site-editorial'],"['ilustracao', 'editorial', 'user-interface', 'infografia']","['informacional', 'impacto-positivo', 'jornalistico-editorial']",5
DPZ&T,comunicacao,Site informacional para DPZ&T,Desenvolvimento de site para explicar resultados de pesquisa realizada pela DPZ&T.,2017-05-12T00:00:00Z,digital,['site-institucional'],"['user-interface', 'infografia']",['informacional'],3
DPZ&T,comunicacao,Infográfico para DPZ&T,Desenvolvimento de infográfico para explicar resultados de pesquisa realizada pela DPZ&T.,2017-05-12T00:00:00Z,digital,['infografico'],"['ilustracao', 'infografia']",['informacional'],2
E-Bricks,financeiro,Como funciona a E-Bricks,Desenvolvimento de material informacional utilizando infografia para explicar a atuação da empresa,2017-12-12T00:00:00Z,digital,['apresentacao'],"['ilustracao', 'editorial', 'infografia']","['informacional', 'institucional']",2
E-Bricks,financeiro,Como funciona a E-Bricks,Elaboração de comunicados digitais para explicar sobre os serviços da empresa,2017-12-12T00:00:00Z,digital,['outras-interfaces'],['infografia'],"['informacional', 'institucional']",1
Itaú Cultural,ongs-orgs,Infográfico Itaú Cultural,Infografia apresentando as transformações da avenida Paulista ao longo das décadas,2017-12-22T00:00:00Z,impressa,['publicacao'],"['editorial', 'infografia']","['informacional', 'institucional', 'jornalistico-editorial']",4
Deloitte,consultorias,Vídeo informativo,Vídeo informativo para o departamento de recursos humanos da Deloitte,2017-12-26T00:00:00Z,digital,['video'],"['ilustracao', 'motion-graphics', 'infografia']","['informacional', 'institucional']",4
Banco Honda,financeiro,Financiamento Honda,"Vídeo storytelling apresentando informações sobre o funcionamento dos serviços do banco ",2017-12-26T00:00:00Z,digital,['video'],"['ilustracao', 'motion-graphics', 'infografia']","['informacional', 'institucional']",3
Isetor,financeiro,Site institucional Isetor,Design e desenvolvimento do novo site da Isetor,2017-12-29T00:00:00Z,digital,['site-institucional'],"['ilustracao', 'editorial', 'user-interface', 'infografia']","['informacional', 'institucional']",4
MUDA Cultural,comunicacao,Vídeo storytelling para a Muda Cultural,Design e animação de vídeo apresentando a Muda Cultural,2018-01-16T00:00:00Z,digital,['video'],"['ilustracao', 'motion-graphics', 'infografia']","['informacional', 'institucional']",4
Muda Cultural,comunicacao,Material comunicacional para Muda Cultural,Elaboração de materiais para apresentar e explicar os serviços da Muda Cultural,2018-01-16T00:00:00Z,digital,['apresentacao'],"['ilustracao', 'editorial', 'infografia']","['informacional', 'impacto-positivo', 'institucional']",2
Sincronia Filmes,comunicacao,A tecnologia social,Desenvolvimento de recursos gráfico visuais para o documentário A tecnologia social,2018-01-16T00:00:00Z,digital,['video'],"['ilustracao', 'motion-graphics', 'infografia']","['educacional', 'informacional', 'impacto-positivo']",5
227,servicos-e-tecnologia,Footstats,"Consultoria e design de visualizações de informação para o projeto Footstats ",2018-01-19T00:00:00Z,digital,['outras-interfaces'],"['design-de-servicos', 'user-interface', 'datavis', 'infografia']","['informacional', 'institucional']",5
ISA,ongs-orgs,Infografia para vídeos,Design de animação de mapas e infográficos para documentário,2018-01-02T00:00:00Z,digital,['video'],"['ilustracao', 'motion-graphics', 'infografia']","['educacional', 'informacional', 'impacto-positivo', 'jornalistico-editorial']",5
ISA,ongs-orgs,Infografia para vídeos,Design de animação de mapas e infográficos para documentário,2018-01-03T00:00:00Z,digital,['video'],"['ilustracao', 'motion-graphics', 'infografia']","['educacional', 'informacional', 'impacto-positivo', 'jornalistico-editorial']",5
Pluvi.on,servicos-e-tecnologia,Website Pluvi.on,Design e desenvolvimento de website para a Pluvi.on <3,2018-02-22T00:00:00Z,digital,['site-institucional'],"['user-interface', 'infografia']","['informacional', 'institucional']",5
Justiça Global,ongs-orgs,Defensorxs de Direitos Humanos,"Vídeo storytelling para a Justiça Global ",2018-01-03T00:00:00Z,digital,['video'],"['ilustracao', 'motion-graphics', 'infografia']","['educacional', 'informacional', 'impacto-positivo']",5
Banco Honda,financeiro,Consórcio Honda,Vídeo infográfico explicando os processos dos serviços do Banco Honda,2018-03-21T00:00:00Z,digital,['video'],"['ilustracao', 'motion-graphics', 'infografia']","['informacional', 'institucional']",3
Art Boom,servicos-e-tecnologia,Apresentação Artboom,Vídeo infográfico apresentando os serviços da Artboom,2018-01-04T00:00:00Z,digital,['video'],"['ilustracao', 'motion-graphics', 'infografia']","['informacional', 'institucional']",3
Egis,consultorias,"VLT ",Vídeo infográfico explicando o papel das novas vias do VLT em Fortaleza,2018-04-16T00:00:00Z,digital,['video'],"['ilustracao', 'motion-graphics', 'infografia']",['informacional'],5
PAN Visual,comunicacao,Talk Inc.,Sistema de identidade visual,2018-05-21T00:00:00Z,digital,['outras-interfaces'],"['ilustracao', 'motion-graphics']",['institucional'],2
DPZ&T,comunicacao,Dashboard para setor de BI,Design de sistema de visualização de informação em parceria com a Casion para o departamento de BI da DPZ&T,2018-05-21T00:00:00Z,digital,['outras-interfaces'],"['design-de-servicos', 'user-interface', 'datavis', 'infografia']",['informacional'],5
Report Sustentabilidade,comunicacao,Infográficos Caixa,Infográficos para relatório anual do banco Caixa Econômica Federal,2018-06-20T00:00:00Z,impressa,['publicacao'],"['ilustracao', 'editorial', 'infografia']","['informacional', 'institucional']",3
B3,financeiro,B3 Mercado Futuro,Série de vídeos informacionais para explicar os diferentes tipos de investimento no mercado futuro,2018-06-20T00:00:00Z,digital,['video'],"['ilustracao', 'motion-graphics', 'infografia']","['educacional', 'informacional']",4
Believe Earth,ongs-orgs,Infográficos Believe Earth,Desenvolvimento de série de 6 infográficos para a Believe Earth,2018-06-29T00:00:00Z,digital,['infografico'],"['ilustracao', 'editorial', 'infografia']","['educacional', 'informacional', 'impacto-positivo']",2
Gênero e Número,jornalismo,Infografia para a Gênero e nº,Infografico para reportagem realizada pela Gênero e número,2018-07-24T00:00:00Z,digital,['infografico'],"['ilustracao', 'editorial', 'infografia']","['informacional', 'jornalistico-editorial']",3
ISA,ongs-orgs,Cacau Yanomami,Série de infográficos e mapas animados para documentário realizado pelo ISA,2018-07-26T00:00:00Z,digital,['video'],"['ilustracao', 'motion-graphics', 'infografia']","['educacional', 'informacional', 'impacto-positivo']",5
Oktopus Filmes,comunicacao,Vídeo Hospital Albert Einstein,Design e animação de recursos visuais para vídeo realizado pela Oktopus Filmes para o hospital Albert Einstein,2018-07-30T00:00:00Z,digital,['video'],['motion-graphics'],['institucional'],2
PAN Visual,comunicacao,Atento,Série de vídeos explicando os serviços prestados pela Atento,2018-08-15T00:00:00Z,digital,['video'],"['ilustracao', 'motion-graphics', 'infografia']","['informacional', 'institucional']",4
Troiano,comunicacao,Livro Troiano Branding,Elaboração de livro apresentando os métodos utilizados pela Troiano Branding,2018-10-16T00:00:00Z,impressa,['publicacao'],"['ilustracao', 'editorial', 'datavis', 'infografia']","['educacional', 'informacional', 'institucional', 'jornalistico-editorial']",5
IDDD,ongs-orgs,Prova sob suspeita,Elaboração de site apresentando o projeto editorial sobre a atuação do IDDD e suas ações,2018-01-11T00:00:00Z,digital,['site-editorial'],"['ilustracao', 'editorial', 'user-interface', 'infografia']","['educacional', 'informacional', 'impacto-positivo', 'jornalistico-editorial']",5
IDDD,ongs-orgs,Prova sob suspeita,Design de animação de vídeo para o projeto Prova sob suspeita,2018-01-11T00:00:00Z,digital,['video'],"['ilustracao', 'motion-graphics', 'infografia']","['educacional', 'informacional', 'impacto-positivo', 'jornalistico-editorial']",4
E-Bricks,financeiro,Resultados semestrais E-Bricks,Desenvolvimento de relatório apresentando os números da empresa,2018-11-19T00:00:00Z,digital,['apresentacao'],"['ilustracao', 'editorial', 'datavis', 'infografia']","['informacional', 'institucional']",4
ISA,ongs-orgs,Documentário ISA,Desenvolvimento de infográficos e recursos gráficos animados para documentário do ISA,2018-11-19T00:00:00Z,digital,['video'],"['ilustracao', 'motion-graphics', 'infografia']","['educacional', 'informacional', 'impacto-positivo', 'jornalistico-editorial']",5
ESPM,educacao,Institucional ESPM,Vídeo em motion graphics apresentando os cursos de extensão da instituição,2018-11-19T00:00:00Z,digital,['video'],"['ilustracao', 'motion-graphics', 'infografia']",['institucional'],3
IDDD,ongs-orgs,Cartilha IDDD,Design de cartilha voltada à população carcerária apresentando os caminhos dos processos penais,2018-11-29T00:00:00Z,impressa,['publicacao'],"['ilustracao', 'editorial', 'infografia']","['educacional', 'impacto-positivo']",4
Isetor,financeiro,Isetor,Elaboração de recursos gráficos de infovis e templates para relatórios da Isetor,2018-12-21T00:00:00Z,digital,['apresentacao'],"['ilustracao', 'editorial', 'infografia']","['informacional', 'institucional']",2
Engenhoca Criativa,educacao,Vídeo Engenhoca Criativa,Elaboração de recursos gráficos para vídeo apresentando o projeto,2018-12-21T00:00:00Z,digital,['video'],"['ilustracao', 'motion-graphics', 'infografia']","['informacional', 'institucional']",2
Believe Earth,ongs-orgs,Infográfico CPFC,Infográfico apresentando números e processos,2018-12-24T00:00:00Z,digital,['infografico'],"['ilustracao', 'editorial', 'infografia']","['educacional', 'informacional', 'impacto-positivo', 'jornalistico-editorial']",2
Future Brand,comunicacao,Identidade animada GOL linhas aéreas,Design e animação da nova identidade da GOL linhas áreas em parceria com a Future Brand,2019-01-14T00:00:00Z,digital,['video'],['motion-graphics'],['institucional'],5
B3,financeiro,B3 vídeo institucional,"Vídeo em motion graphics explicando a história, o papel e as funções da B3 no mercado financeiro",2019-01-20T00:00:00Z,digital,['video'],"['ilustracao', 'motion-graphics', 'infografia']","['educacional', 'informacional', 'institucional']",5
Future Brand,comunicacao,Resultados Hinode,Infográfico animado apresentando os resultados da empresa,2019-01-29T00:00:00Z,digital,['video'],"['motion-graphics', 'infografia']","['informacional', 'institucional']",3
Voz Ativa,ongs-orgs,Plataforma Voz Ativa,Design de plataforma para acompanhamento popular de como cada parlamentar votou,2019-01-31T00:00:00Z,digital,['outras-interfaces'],"['ilustracao', 'user-interface', 'datavis', 'infografia']","['informacional', 'impacto-positivo']",5
IDDD,ongs-orgs,Caminho de direitos,Publicação para o IDDD sobre as questões penais existentes no sistema carcerário do país,2019-01-03T00:00:00Z,impressa,['publicacao'],"['ilustracao', 'editorial', 'infografia']","['educacional', 'informacional', 'impacto-positivo']",5
Editora Globo,jornalismo,Infográfico Época Negócios,Infográficos para reportagem da revista Época Negócios,2019-05-30T00:00:00Z,impressa,['infografico'],"['editorial', 'datavis', 'infografia']","['informacional', 'jornalistico-editorial']",3
Skillen&Co,comunicacao,"TED Talks & Zebra Technologies ","Desenvolvimento de infográficos animados para vídeo realizado para o TED Talks em conjunto com a Zebra Technologies, em parceria com a produtora Skillen & Co",2019-07-06T00:00:00Z,digital,['video'],"['ilustracao', 'motion-graphics', 'infografia']","['informacional', 'institucional']",5
B3,financeiro,E-book Investimentos,Elaboração de e-book apresentando diferentes tipos de investimentos,2019-06-28T00:00:00Z,digital,['publicacao'],"['ilustracao', 'editorial', 'infografia']","['educacional', 'informacional']",4
ISA,ongs-orgs,Yarang,Design de recursos gráficos e infográficos para vídeo documental do ISA,2019-06-28T00:00:00Z,digital,['video'],"['ilustracao', 'infografia']","['informacional', 'impacto-positivo']",3
B3,financeiro,E-book Itaú,E-book sobre investimentos em Tesouro Direto,2019-06-28T00:00:00Z,digital,['publicacao'],"['ilustracao', 'editorial', 'infografia']","['educacional', 'informacional']",2
B3,financeiro,B3 CCP,Vídeo explicativo sobre o CCP,2019-08-07T00:00:00Z,digital,['video'],"['ilustracao', 'motion-graphics', 'infografia']","['informacional', 'institucional']",3
UOL,servicos-e-tecnologia,Nova identidade UOL,Criação do comportamento animado da nova identidade do UOL,2019-10-07T00:00:00Z,digital,['video'],['motion-graphics'],['institucional'],3
B3,financeiro,B3 Collocation,Vídeo informativo sobre o sistema de informação Collocation da B3,2019-07-31T00:00:00Z,digital,['video'],"['ilustracao', 'motion-graphics', 'infografia']","['informacional', 'institucional']",3
B3,financeiro,E-book Derivativos,Projeto de e-book explicando o que são e como funcionam os Derivativos,2019-08-30T00:00:00Z,digital,['publicacao'],"['ilustracao', 'editorial', 'infografia']","['educacional', 'informacional']",3
WeFab,consultorias,Infográfico Aché,Infográfico apresentando o processo do laboratório de inovação da Aché,2019-08-30T00:00:00Z,impressa,['infografico'],"['ilustracao', 'infografia']",['informacional'],2
Justiça Global,ongs-orgs,Desencarceramento,Animação sobre as questões em torno do sistema carcerário,2019-02-09T00:00:00Z,digital,['video'],"['ilustracao', 'motion-graphics', 'infografia']","['educacional', 'informacional', 'impacto-positivo']",3
Ilumeo,servicos-e-tecnologia,Ilumeo 500,Visualização de informação interativa para contar os 10 anos da Ilumeo por meio de uma ferramenta interativa exploratória,2019-01-10T00:00:00Z,digital,['outras-interfaces'],"['user-interface', 'datavis', 'infografia']","['informacional', 'institucional']",5
Ilumeo,servicos-e-tecnologia,Ilumeo 500,Processo de design com foco no mapeamento estratégico e série do workshops para definir possíveis soluções e estabelecer requisitos para o projeto,2019-01-10T00:00:00Z,consultoria,['outras-interfaces'],['design-de-servicos'],"['informacional', 'institucional']",3
Ilumeo,servicos-e-tecnologia,Ilumeo 500,Vídeo explicativo sobre a plataforma de visualização que criamos para a Ilumeo,2019-01-10T00:00:00Z,digital,['video'],"['motion-graphics', 'infografia']","['informacional', 'institucional']",1
B3,financeiro,E-book B3 Educacional,Elaboração de e-book apresentando as novas propostas e estratégias do departamento,2019-02-10T00:00:00Z,digital,['publicacao'],"['editorial', 'infografia']","['informacional', 'institucional']",2
B3,financeiro,One page B3 Educacional,Website one page para o departamento educacional da B3,2019-02-10T00:00:00Z,digital,['site-institucional'],"['ilustracao', 'user-interface', 'infografia']","['informacional', 'institucional']",2
B3,financeiro,E-book Estratégias Futuras,Desenvolvimento de e-book para explicando o tema Estratégias Futuras,2019-04-10T00:00:00Z,digital,['publicacao'],"['ilustracao', 'editorial', 'infografia']","['educacional', 'informacional']",3
B3,financeiro,E-book Itaú & B3,Desenvolvimento de ebook apresentando as características de diversas modalidades de investimentos do mercado financeiro,2019-04-10T00:00:00Z,digital,['publicacao'],"['ilustracao', 'editorial', 'infografia']","['educacional', 'informacional']",2
Endeavor,educacao,Narrativa visual,Animação em motion graphics explicando o ecossistema da Endeavor,2019-07-10T00:00:00Z,digital,['video'],"['ilustracao', 'motion-graphics', 'infografia']","['informacional', 'institucional']",3
Endeavor,consultorias,Material para redes sociais,Desenvolvimento de peças gráficas sobre o ecossistema da Endeavor,2019-07-10T00:00:00Z,digital,['outras-interfaces'],"['ilustracao', 'infografia']","['informacional', 'institucional']",1
B3,financeiro,Trading & Cash Equities,Animação em motion graphics utilizando infografia para explicar mecanismos do mercado financeiro,2019-10-21T00:00:00Z,digital,['video'],"['ilustracao', 'motion-graphics', 'infografia']","['educacional', 'informacional']",4
B3,financeiro,Minocontratos,Animação em motion graphics utilizando infografia para explicar ativos do mercado financeiro,2019-10-23T00:00:00Z,digital,['video'],"['ilustracao', 'motion-graphics', 'infografia']","['educacional', 'informacional']",4
B3,financeiro,E-book Minicontratos,Desenvolvimento de e-book para explicar o funcionamento dos Minicontraos,2019-10-24T00:00:00Z,digital,['publicacao'],"['ilustracao', 'editorial', 'infografia']","['educacional', 'informacional']",4
Endeavor,financeiro,Sistema tributário,Narrativa visual em motion graphics explicando o sistema tributário,2019-11-14T00:00:00Z,digital,['video'],"['ilustracao', 'motion-graphics', 'infografia']","['informacional', 'institucional']",3
PAN Visual,comunicacao,Comunicação visual para evento,Desenvolvimento de recursos gráfico-visuais com foco em informação para evento do mercado de moda,2019-11-29T00:00:00Z,digital,['infografico'],"['ilustracao', 'infografia']",['institucional'],2
WeFab,servicos-e-tecnologia,We Fab,Infográfico para projeto realizado pela We Fab para a Aché,2019-12-20T00:00:00Z,impressa,['infografico'],"['ilustracao', 'infografia']","['informacional', 'institucional']",5
B3,financeiro,Newsletter B3,Desenvolvimento de newsletter com conteúdo editorial para a B3,2020-01-23T00:00:00Z,digital,['outras-interfaces'],"['ilustracao', 'editorial', 'user-interface', 'infografia']","['educacional', 'informacional', 'institucional']",1
B3,financeiro,Site B3 Educação,Desenvolvimento de interface para site do dpto Educacional da B3,2020-01-23T00:00:00Z,digital,['site-institucional'],"['ilustracao', 'user-interface', 'infografia']","['educacional', 'informacional', 'institucional']",4
Santander,financeiro,Investimentos Santander,Desenvolvimento de narrativas visuais em motion graphics para explicar o funcionamento de diversos tipos de investimentos,2020-01-28T00:00:00Z,digital,['video'],"['ilustracao', 'motion-graphics', 'infografia']","['educacional', 'informacional']",3
Santander,financeiro,E-books Santander,Desenvolvimento de e-books para explicar diversos tipos de ativos e investimentos do banco,2020-01-28T00:00:00Z,digital,['publicacao'],"['ilustracao', 'editorial', 'infografia']","['educacional', 'informacional']",2
Repórter Brasil,jornalismo,A nova cara do velho Chico,Design e desenvolvimento de site editorial para a Repórter Brasil,2020-02-21T00:00:00Z,digital,['site-editorial'],"['editorial', 'user-interface', 'infografia']",['jornalistico-editorial'],5
B3,financeiro,E-book B3 Educacional,Desenvolvimento de e-book para o departamento educacional da B3,2020-04-24T00:00:00Z,digital,['publicacao'],"['ilustracao', 'editorial', 'infografia']","['informacional', 'institucional']",2
Repórter Brasil,jornalismo,Escravo nem pensar!,Desenvolvimento de site editorial para reportagem especial da Repórter Brasil,2020-04-24T00:00:00Z,digital,['site-editorial'],"['editorial', 'user-interface']","['informacional', 'jornalistico-editorial']",3
InfoAmazonia,jornalismo,"Mercúrio, uma chaga na floresta",Projeto de site editorial para reportagem investigativa realizada pela InfoAmazonia,2020-01-07T00:00:00Z,digital,['site-editorial'],"['editorial', 'user-interface', 'infografia']",['jornalistico-editorial'],5
Symrise,outros,Guia de inclusão,Desenvolvimento de e-book com as políticas de inclusão social da empresa,2020-09-25T00:00:00Z,digital,['publicacao'],"['ilustracao', 'editorial', 'infografia']","['impacto-positivo', 'institucional']",4
IDDD,ongs-orgs,Prova sob suspeita,Narrativa visual em vídeo apresentando as questões em torno dos processos judiciais baseados em testemunhos apenas de agentes de segurança,2020-05-11T00:00:00Z,digital,['video'],"['ilustracao', 'motion-graphics', 'infografia']","['educacional', 'informacional', 'impacto-positivo']",5
Fala,jornalismo,Site WWF,Site editorial para matérias realizadas pela FALA para a WWF,2020-01-12T00:00:00Z,digital,['site-editorial'],"['ilustracao', 'editorial', 'user-interface', 'infografia']","['informacional', 'impacto-positivo', 'jornalistico-editorial']",5
B3,financeiro,E-book DAP,Desenvolvimento de e-book explicando os mecanismos do mercado financeiro,2020-04-12T00:00:00Z,digital,['publicacao'],"['ilustracao', 'editorial', 'infografia']","['educacional', 'informacional']",3
B3,financeiro,DAP,Narrativa visual em motion graphics para explicar os mecanismos do sistema financeiro,2021-12-01T00:00:00Z,digital,['video'],"['ilustracao', 'motion-graphics', 'infografia']","['educacional', 'informacional']",4
B3,financeiro,B3 IPO,E-book para a B3 apresentando o funcionamento do IPO,2021-01-26T00:00:00Z,digital,['publicacao'],"['ilustracao', 'editorial', 'infografia']","['educacional', 'informacional']",2
Volt Data LAB,jornalismo,Reporter Sem Fronteiras,Desenvolvimento de infográficos para especial editorial sobre o uso das redes sociais por políticos da extrema direita,2021-01-28T00:00:00Z,digital,['infografico'],"['editorial', 'infografia']","['informacional', 'impacto-positivo', 'jornalistico-editorial']",3
IDDD,ongs-orgs,Prova sob suspeita,Site editorial para o projeto Prova sob suspeita,2021-08-04T00:00:00Z,digital,['site-editorial'],"['editorial', 'infografia']","['educacional', 'informacional', 'impacto-positivo']",5
Nicoletti+Lopes,comunicacao,Magentown,Desenvolvimento de infográfico para empresa telefônica alemã,2021-05-13T00:00:00Z,digital,['outras-interfaces'],"['ilustracao', 'motion-graphics', 'infografia']","['informacional', 'institucional']",5
Volt Data LAB,jornalismo,Dados virais,"Desenvolvimento de infográficos e datavis para especial jornalístico para a Data Privacy ",2021-05-14T00:00:00Z,digital,['infografico'],"['ilustracao', 'editorial', 'datavis', 'infografia']","['informacional', 'impacto-positivo', 'jornalistico-editorial']",5
Nic.br,servicos-e-tecnologia,Data Cetic,Plataforma para exploração de dados e gestão de conhecimentos Data Cetic,2021-06-17T00:00:00Z,digital,['outras-interfaces'],"['ilustracao', 'design-de-servicos', 'user-interface', 'datavis', 'infografia']","['educacional', 'informacional', 'impacto-positivo']",5
IEPS,jornalismo,Plataforma IEPS,Plataforma para publicações e conteúdos científicos do IEPS,2021-06-18T00:00:00Z,digital,['site-editorial'],"['editorial', 'design-de-servicos', 'user-interface']","['informacional', 'institucional', 'jornalistico-editorial']",5
CCR,servicos-e-tecnologia,CCR - Pocket,Cartilha com infográficos para apresentar as estruturas organizacionais da CCR,2021-06-21T00:00:00Z,digital,['publicacao'],"['ilustracao', 'editorial', 'infografia']","['informacional', 'institucional']",3
EEAB,ongs-orgs,Infográficos EEAB,Desenvolvimento de infográficos para a EEAB,2021-08-16T00:00:00Z,digital,['infografico'],"['ilustracao', 'infografia']","['educacional', 'informacional', 'impacto-positivo']",4
B3,financeiro,E-book Investimentos,Publicação digital explicando os mecanismos do mercado financeiro,2021-01-09T00:00:00Z,digital,['publicacao'],"['ilustracao', 'editorial', 'infografia']","['educacional', 'informacional']",3
Santander,financeiro,Santander investimentos,Narrativa visual em motion graphics explicando os mecanismos do sistema financeiro,2021-03-09T00:00:00Z,digital,['video'],"['ilustracao', 'motion-graphics', 'infografia']","['informacional', 'institucional']",3
Santander,financeiro,E-book investimentos,Publicação digital explicando os mecanismos do sistema financeiro,2021-03-09T00:00:00Z,digital,['publicacao'],"['ilustracao', 'editorial', 'infografia']","['informacional', 'institucional']",2
CCR,servicos-e-tecnologia,Sistematização de relatórios,Criação de templates para relatórios semestrais CCR,2021-09-16T00:00:00Z,digital,['relatorios'],"['ilustracao', 'editorial', 'datavis', 'infografia']",['informacional'],4
Endeavor,financeiro,Compliance,Narrativa visual em motion graphics explicando as estruturas do compliance da Endeavor,2021-12-13T00:00:00Z,digital,['video'],"['ilustracao', 'motion-graphics', 'infografia']","['educacional', 'informacional', 'institucional']",4
Internet Lab,ongs-orgs,Infográfico Internet Lab,Infográfico para a Internet Lab,2021-12-27T00:00:00Z,digital,['infografico'],"['ilustracao', 'infografia']",['informacional'],2
Laudes Foundation,ongs-orgs,Relatório Anual,Desenvolvimento de relatório anual para a Laudes Foundation,2022-01-28T00:00:00Z,digital,['relatorios'],"['ilustracao', 'editorial', 'user-interface', 'datavis', 'infografia']","['informacional', 'impacto-positivo', 'institucional']",5
Stella Comunicação,comunicacao,Infográfico Sodexo,Desenvolvimento de infográfico sobre boas práticas para a Sodexo,2022-10-02T00:00:00Z,impressa,['infografico'],"['ilustracao', 'infografia']","['educacional', 'informacional']",2
Natura&Co,outros,Infográficos COP,"Desenvolvimento de infográficos para a COP ",2022-03-24T00:00:00Z,digital,['infografico'],"['ilustracao', 'editorial', 'infografia']","['educacional', 'informacional', 'impacto-positivo', 'institucional']",4
Beeld,comunicacao,Sistema de infográficos Globo News,Desenvolvimento de sistema de infográficos para a nova identidade visual elaborada pela Beeld para a Globo News,2022-04-04T00:00:00Z,digital,['infografico'],"['ilustracao', 'design-de-servicos', 'datavis', 'infografia']","['informacional', 'jornalistico-editorial']",5
énois,jornalismo,Mapa É nois,Desenvolvimento de infográfico para a É nois,2022-06-24T00:00:00Z,digital,['infografico'],"['ilustracao', 'infografia']","['informacional', 'impacto-positivo', 'jornalistico-editorial']",2
CCR,servicos-e-tecnologia,Relatório semestral CCR,Publicação com os resultados semestrais da CCR,2022-08-29T00:00:00Z,digital,['relatorios'],"['ilustracao', 'editorial', 'datavis', 'infografia']","['informacional', 'institucional']",5
AVSI,ongs-orgs,Publicação AVSI,Publicação com a consolidação de pesquisas realizadas pela AVSI,2022-05-10T00:00:00Z,impressa,['publicacao'],"['ilustracao', 'editorial', 'infografia']","['informacional', 'impacto-positivo']",4
Stella Comunicação,comunicacao,Infográfico Mars,Infográfico para comunicação interna da Mars,2022-07-10T00:00:00Z,digital,['infografico'],"['ilustracao', 'infografia']","['educacional', 'informacional']",1
Teya,consultorias,Dashboard para gestão de conhecimento,Desenvolvimento de plataforma para gestão e exploração de conhecimento da Teya,2022-04-11T00:00:00Z,digital,['outras-interfaces'],"['design-de-servicos', 'user-interface', 'datavis', 'infografia']",['informacional'],5
Teya,consultorias,Dashboard para gestão de conhecimento,Processo de design com foco no mapeamento estratégico e série do workshops para definir possíveis soluções e estabelecer requisitos para o projeto,2022-04-11T00:00:00Z,consultoria,['outras-interfaces'],['design-de-servicos'],['informacional'],5
CCR,servicos-e-tecnologia,CCR - Resultados,Infográficos apresentando os resultados do Grupo CCR,2022-11-11T00:00:00Z,digital,['infografico'],"['ilustracao', 'infografia']","['informacional', 'institucional']",2
B3,financeiro,E-book Investimento,Publicação digital explicando os mecanismos do sistema financeiro,2022-12-20T00:00:00Z,digital,['publicacao'],"['ilustracao', 'editorial', 'infografia']","['educacional', 'informacional']",4
Consumoteca,pesquisa,TROP,Desenvolvimento de visualização de informação para o método TROP desenvolvido pela Consumoteca para mapear tendências,2023-08-02T00:00:00Z,digital,['infografico'],"['design-de-servicos', 'datavis', 'infografia']","['informacional', 'institucional']",5
Consumoteca,pesquisa,TROP,Desenvolvimento de website para apresentar a explicar a metodologia da Consumoteca,2023-08-02T00:00:00Z,digital,['site-institucional'],"['ilustracao', 'user-interface', 'datavis', 'infografia']","['informacional', 'institucional']",4
Consumoteca,pesquisa,TROP,Desenvolvimento de templates para apresentações das pesquisas utilizadas a partir da metodologia TROP,2023-08-02T00:00:00Z,digital,['apresentacao'],"['ilustracao', 'editorial', 'datavis', 'infografia']","['informacional', 'institucional']",3
TROP,pesquisa,TROP,Elaboração de derivações de peças e recursos para o projeto TROP,2023-08-02T00:00:00Z,digital,['outras-interfaces'],"['ilustracao', 'motion-graphics', 'infografia']","['informacional', 'institucional']",2
AVSI,ongs-orgs,Relatório AVSI,Desenvolvimento de relatórios para AVSI,2023-02-16T00:00:00Z,impressa,['relatorios'],"['ilustracao', 'editorial', 'infografia']","['informacional', 'institucional']",4
Ayo Tech,servicos-e-tecnologia,Narrativa visual Ayo Tech,Vídeo em motion graphics explicando a atuação e estrutura do grupo Ayo Tech,2023-03-20T00:00:00Z,digital,['video'],"['ilustracao', 'motion-graphics', 'infografia']","['informacional', 'institucional']",4
Reset,jornalismo,Relatório Carbono,Projeto para a realização de relatório sobre o mercado de carbono,2023-05-05T00:00:00Z,digital,['relatorios'],"['ilustracao', 'editorial', 'datavis', 'infografia']","['informacional', 'jornalistico-editorial']",4
Reset,jornalismo,Reset Carbono,Desenvolvimento de modelos de apresentação para o Reset,2023-05-05T00:00:00Z,digital,['apresentacao'],"['ilustracao', 'editorial', 'infografia']",['institucional'],2
Natura&Co,outros,IP&L,Elaboração de workshops e processos iterativos para mapear espaços de solução e de problema em torno do método IP&L,2023-10-23T00:00:00Z,consultoria,['relatorios'],['design-de-servicos'],"['informacional', 'institucional']",5
Natura&Co,outros,IP&L,Desenvolvimento de infográfico no formato de folder para apresentar a metodologia por trás do IP&L,2024-10-23T00:00:00Z,impressa,['publicacao'],"['ilustracao', 'editorial', 'datavis', 'infografia']","['informacional', 'impacto-positivo', 'institucional']",5
Globo Rural,jornalismo,Infográfico combustíveis,Desenvolvimento de infográfico para reportagem especial publicada na revista Globo Rural,2024-10-11T00:00:00Z,impressa,['publicacao'],"['ilustracao', 'editorial', 'infografia']","['informacional', 'jornalistico-editorial']",3
Exato Digital,servicos-e-tecnologia,Narrativa visual Exato,Narrativa visual em motion graphics explicando os serviços realizados pela Exato Digital,2024-11-27T00:00:00Z,digital,['video'],"['ilustracao', 'motion-graphics', 'infografia']","['informacional', 'institucional']",4
B3,financeiro,Brasil que investe,"Desenvolvimento de publicação para apresentar os dados da pesquisa, O Brasil que Investe",2024-08-20T00:00:00Z,digital,['publicacao'],"['ilustracao', 'editorial', 'datavis', 'infografia']","['informacional', 'institucional', 'jornalistico-editorial']",5
B3,financeiro,Brasil que Investe,Desenvolvimento de narrativa visual em motion graphics para apresentar os resultados d3 pesquisa realizada pela B3,2024-08-20T00:00:00Z,digital,['video'],"['ilustracao', 'motion-graphics', 'infografia']","['educacional', 'informacional', 'institucional']",4
B3,financeiro,Brasil que Investe,"Desenvolvimento de infográfico interativo para apresentar os resultados da pesquisa, O Brasil que investe, realizada pela B3",2024-08-20T00:00:00Z,digital,['infografico'],"['ilustracao', 'user-interface', 'infografia']","['educacional', 'informacional', 'institucional']",5
Funbio,ongs-orgs,Vida Marinha,Design e desenvolvimento de plataforma para gestão do conhecimento e exploração  informação de informações referentes às pesquisas realizadas pelo Funbio,2024-05-02T00:00:00Z,digital,['site-institucional'],"['ilustracao', 'editorial', 'user-interface']","['educacional', 'informacional', 'impacto-positivo']",5
Funbio,ongs-orgs,Vida Marinha,Mapeamento estratégico e série do workshops para definir possíveis soluções e estabelecer requisitos para o projeto,2024-05-02T00:00:00Z,consultoria,['outras-interfaces'],['design-de-servicos'],"['educacional', 'informacional', 'impacto-positivo']",5
Reset,jornalismo,Guia Net Zero,Desenvolvimento de relatório para o Reset,2000-05-17T00:00:00Z,digital,['relatorios'],"['ilustracao', 'editorial', 'datavis', 'infografia']","['informacional', 'impacto-positivo', 'jornalistico-editorial']",4
Oitorama,comunicacao,Storyboard  8,Desenvolvimento de narrativa visual em formato de storyboard,2024-05-17T00:00:00Z,digital,['video'],['ilustracao'],"['informacional', 'institucional']",2
Ajor,jornalismo,Infográficos Ajor,Desenvolvimento de infográficos apresentando os números da associação,2024-07-17T00:00:00Z,impressa,['infografico'],"['ilustracao', 'infografia']","['informacional', 'institucional']",3
Aerolito,servicos-e-tecnologia,3 Ondas,"Plataforma de visualização de dados, gestão de conhecimento e exploração da informação",2000-06-27T00:00:00Z,digital,['outras-interfaces'],"['user-interface', 'datavis', 'infografia']","['informacional', 'institucional']",5
Infinito Mare,servicos-e-tecnologia,"Sistema de comunicação ",Desenvolvimento de peças gráficas para apresentação de informações qualis e quantis nos canais de comunicação da Infinito Mare,2024-08-17T00:00:00Z,digital,['outras-interfaces'],"['ilustracao', 'infografia']","['educacional', 'informacional', 'impacto-positivo']",5
Humana,servicos-e-tecnologia,Governança Territorial,mapeamento estratégico e série do workshops para definir possíveis soluções e estabelecer requisitos para o projeto,2024-09-30T00:00:00Z,digital,['infografico'],"['ilustracao', 'editorial', 'design-de-servicos', 'infografia']","['educacional', 'informacional', 'institucional']",5
Humana,servicos-e-tecnologia,Governança Territorial,Mapeamento estratégico e série do workshops para definir possíveis soluções e estabelecer requisitos para o projeto,2024-09-30T00:00:00Z,consultoria,['infografico'],['design-de-servicos'],"['educacional', 'informacional', 'institucional']",5
Over the Light,comunicacao,"Narrativas visuais ","Desenvolvimento e animação de letterings e gráficos para série de vídeos ",2024-09-17T00:00:00Z,digital,['video'],"['motion-graphics', 'infografia']","['informacional', 'institucional']",3
Agrihub,consultorias,Relatório 2024,Elaboração de relatório apresentando resultados e abordagens utilizadas pela Agrihub,2024-09-17T00:00:00Z,digital,['relatorios'],"['ilustracao', 'editorial', 'infografia']","['informacional', 'institucional']",3
Openmesh,servicos-e-tecnologia,X node,Desenvolvimento de infográfico em motion graphics explicando o funcionamento da solução X Node da Openmesh,2024-01-07T00:00:00Z,digital,['video'],"['ilustracao', 'motion-graphics', 'infografia']","['informacional', 'institucional']",5
Freatz,servicos-e-tecnologia,Sistema de infovis,Processo de design com foco no mapeamento estratégico de oportunidades e requisitos de projeto para a elaboração de sistema de visualizações a partir dos dados da plataforma,2022-11-16T00:00:00Z,consultoria,['outras-interfaces'],['design-de-servicos'],['informacional'],5
CCR,servicos-e-tecnologia,CCR - Resultados,Infográficos apresentando os resultados do Grupo CCR,2022-11-11T00:00:00Z,digital,['infografico'],"['ilustracao', 'infografia']","['informacional', 'institucional']",2
CCR,servicos-e-tecnologia,CCR - Resultados,Infográficos apresentando os resultados do Grupo CCR,2022-11-11T00:00:00Z,digital,['infografico'],"['ilustracao', 'infografia']","['informacional', 'institucional']",2
CCR,servicos-e-tecnologia,CCR - Resultados,Infográficos apresentando os resultados do Grupo CCR,2022-11-11T00:00:00Z,digital,['infografico'],"['ilustracao', 'infografia']","['informacional', 'institucional']",2
AVSI,ongs-orgs,Publicação AVSI,Publicação com a consolidação de pesquisas realizadas pela AVSI,2022-05-10T00:00:00Z,impressa,['publicacao'],"['ilustracao', 'editorial', 'infografia']","['informacional', 'impacto-positivo']",4
Natura&Co,outros,Infográficos COP,"Desenvolvimento de infográficos para a COP ",2022-03-24T00:00:00Z,digital,['infografico'],"['ilustracao', 'editorial', 'infografia']","['educacional', 'informacional', 'impacto-positivo', 'institucional']",4
Natura&Co,outros,Infográficos COP,"Desenvolvimento de infográficos para a COP ",2022-03-24T00:00:00Z,digital,['infografico'],"['ilustracao', 'editorial', 'infografia']","['educacional', 'informacional', 'impacto-positivo', 'institucional']",4
Natura&Co,outros,Infográficos COP,"Desenvolvimento de infográficos para a COP ",2022-03-24T00:00:00Z,digital,['infografico'],"['ilustracao', 'editorial', 'infografia']","['educacional', 'informacional', 'impacto-positivo', 'institucional']",4
Natura&Co,outros,Infográficos COP,"Desenvolvimento de infográficos para a COP ",2022-03-24T00:00:00Z,digital,['infografico'],"['ilustracao', 'editorial', 'infografia']","['educacional', 'informacional', 'impacto-positivo', 'institucional']",4
Stella Comunicação,comunicacao,Infográfico Sodexo,Desenvolvimento de infográfico sobre boas práticas para a Sodexo,2022-10-02T00:00:00Z,impressa,['infografico'],"['ilustracao', 'infografia']","['educacional', 'informacional']",2
Stella Comunicação,comunicacao,Infográfico Sodexo,Desenvolvimento de infográfico sobre boas práticas para a Sodexo,2022-10-02T00:00:00Z,impressa,['infografico'],"['ilustracao', 'infografia']","['educacional', 'informacional']",2
Stella Comunicação,comunicacao,Infográfico Sodexo,Desenvolvimento de infográfico sobre boas práticas para a Sodexo,2022-10-02T00:00:00Z,impressa,['infografico'],"['ilustracao', 'infografia']","['educacional', 'informacional']",2
B3,financeiro,DAP,Narrativa visual em motion graphics para explicar os mecanismos do sistema financeiro,2021-12-01T00:00:00Z,digital,['video'],"['ilustracao', 'motion-graphics', 'infografia']","['educacional', 'informacional']",4
B3,financeiro,DAP,Narrativa visual em motion graphics para explicar os mecanismos do sistema financeiro,2021-12-01T00:00:00Z,digital,['video'],"['ilustracao', 'motion-graphics', 'infografia']","['educacional', 'informacional']",4
B3,financeiro,DAP,Narrativa visual em motion graphics para explicar os mecanismos do sistema financeiro,2021-12-01T00:00:00Z,digital,['video'],"['ilustracao', 'motion-graphics', 'infografia']","['educacional', 'informacional']",4
B3,financeiro,DAP,Narrativa visual em motion graphics para explicar os mecanismos do sistema financeiro,2021-12-01T00:00:00Z,digital,['video'],"['ilustracao', 'motion-graphics', 'infografia']","['educacional', 'informacional']",4
B3,financeiro,E-book DAP,Desenvolvimento de e-book explicando os mecanismos do mercado financeiro,2020-04-12T00:00:00Z,digital,['publicacao'],"['ilustracao', 'editorial', 'infografia']","['educacional', 'informacional']",3
Santander,financeiro,E-books Santander,Desenvolvimento de e-books para explicar diversos tipos de ativos e investimentos do banco,2020-01-28T00:00:00Z,digital,['publicacao'],"['ilustracao', 'editorial', 'infografia']","['educacional', 'informacional']",2
Santander,financeiro,E-books Santander,Desenvolvimento de e-books para explicar diversos tipos de ativos e investimentos do banco,2020-01-28T00:00:00Z,digital,['publicacao'],"['ilustracao', 'editorial', 'infografia']","['educacional', 'informacional']",2
Santander,financeiro,E-books Santander,Desenvolvimento de e-books para explicar diversos tipos de ativos e investimentos do banco,2020-01-28T00:00:00Z,digital,['publicacao'],"['ilustracao', 'editorial', 'infografia']","['educacional', 'informacional']",2
Santander,financeiro,E-books Santander,Desenvolvimento de e-books para explicar diversos tipos de ativos e investimentos do banco,2020-01-28T00:00:00Z,digital,['publicacao'],"['ilustracao', 'editorial', 'infografia']","['educacional', 'informacional']",2
Santander,financeiro,E-books Santander,Desenvolvimento de e-books para explicar diversos tipos de ativos e investimentos do banco,2020-01-28T00:00:00Z,digital,['publicacao'],"['ilustracao', 'editorial', 'infografia']","['educacional', 'informacional']",2
Santander,financeiro,Investimentos Santander,Desenvolvimento de narrativas visuais em motion graphics para explicar o funcionamento de diversos tipos de investimentos,2020-01-28T00:00:00Z,digital,['video'],"['ilustracao', 'motion-graphics', 'infografia']","['educacional', 'informacional']",3
Santander,financeiro,Investimentos Santander,Desenvolvimento de narrativas visuais em motion graphics para explicar o funcionamento de diversos tipos de investimentos,2020-01-28T00:00:00Z,digital,['video'],"['ilustracao', 'motion-graphics', 'infografia']","['educacional', 'informacional']",3
Santander,financeiro,Investimentos Santander,Desenvolvimento de narrativas visuais em motion graphics para explicar o funcionamento de diversos tipos de investimentos,2020-01-28T00:00:00Z,digital,['video'],"['ilustracao', 'motion-graphics', 'infografia']","['educacional', 'informacional']",3
Santander,financeiro,Investimentos Santander,Desenvolvimento de narrativas visuais em motion graphics para explicar o funcionamento de diversos tipos de investimentos,2020-01-28T00:00:00Z,digital,['video'],"['ilustracao', 'motion-graphics', 'infografia']","['educacional', 'informacional']",3
Santander,financeiro,Investimentos Santander,Desenvolvimento de narrativas visuais em motion graphics para explicar o funcionamento de diversos tipos de investimentos,2020-01-28T00:00:00Z,digital,['video'],"['ilustracao', 'motion-graphics', 'infografia']","['educacional', 'informacional']",3
B3,financeiro,E-book Derivativos,Projeto de e-book explicando o que são e como funcionam os Derivativos,2019-08-30T00:00:00Z,digital,['publicacao'],"['ilustracao', 'editorial', 'infografia']","['educacional', 'informacional']",3
PAN Visual,comunicacao,Atento,Série de vídeos explicando os serviços prestados pela Atento,2018-08-15T00:00:00Z,digital,['video'],"['ilustracao', 'motion-graphics', 'infografia']","['informacional', 'institucional']",4
PAN Visual,comunicacao,Atento,Série de vídeos explicando os serviços prestados pela Atento,2018-08-15T00:00:00Z,digital,['video'],"['ilustracao', 'motion-graphics', 'infografia']","['informacional', 'institucional']",4
PAN Visual,comunicacao,Atento,Série de vídeos explicando os serviços prestados pela Atento,2018-08-15T00:00:00Z,digital,['video'],"['ilustracao', 'motion-graphics', 'infografia']","['informacional', 'institucional']",4
PAN Visual,comunicacao,Atento,Série de vídeos explicando os serviços prestados pela Atento,2018-08-15T00:00:00Z,digital,['video'],"['ilustracao', 'motion-graphics', 'infografia']","['informacional', 'institucional']",4
Believe Earth,ongs-orgs,Infográficos Believe Earth,Desenvolvimento de série de 6 infográficos para a Believe Earth,2018-06-29T00:00:00Z,digital,['infografico'],"['ilustracao', 'editorial', 'infografia']","['educacional', 'informacional', 'impacto-positivo']",2
Believe Earth,ongs-orgs,Infográficos Believe Earth,Desenvolvimento de série de 6 infográficos para a Believe Earth,2018-06-29T00:00:00Z,digital,['infografico'],"['ilustracao', 'editorial', 'infografia']","['educacional', 'informacional', 'impacto-positivo']",2
Believe Earth,ongs-orgs,Infográficos Believe Earth,Desenvolvimento de série de 6 infográficos para a Believe Earth,2018-06-29T00:00:00Z,digital,['infografico'],"['ilustracao', 'editorial', 'infografia']","['educacional', 'informacional', 'impacto-positivo']",2
Believe Earth,ongs-orgs,Infográficos Believe Earth,Desenvolvimento de série de 6 infográficos para a Believe Earth,2018-06-29T00:00:00Z,digital,['infografico'],"['ilustracao', 'editorial', 'infografia']","['educacional', 'informacional', 'impacto-positivo']",2
Believe Earth,ongs-orgs,Infográficos Believe Earth,Desenvolvimento de série de 6 infográficos para a Believe Earth,2018-06-29T00:00:00Z,digital,['infografico'],"['ilustracao', 'editorial', 'infografia']","['educacional', 'informacional', 'impacto-positivo']",2
B3,financeiro,B3 Mercado Futuro,Série de vídeos informacionais para explicar os diferentes tipos de investimento no mercado futuro,2018-06-20T00:00:00Z,digital,['video'],"['ilustracao', 'motion-graphics', 'infografia']","['educacional', 'informacional']",4
B3,financeiro,B3 Mercado Futuro,Série de vídeos informacionais para explicar os diferentes tipos de investimento no mercado futuro,2018-06-20T00:00:00Z,digital,['video'],"['ilustracao', 'motion-graphics', 'infografia']","['educacional', 'informacional']",4
B3,financeiro,B3 Mercado Futuro,Série de vídeos informacionais para explicar os diferentes tipos de investimento no mercado futuro,2018-06-20T00:00:00Z,digital,['video'],"['ilustracao', 'motion-graphics', 'infografia']","['educacional', 'informacional']",4
B3,financeiro,B3 Mercado Futuro,Série de vídeos informacionais para explicar os diferentes tipos de investimento no mercado futuro,2018-06-20T00:00:00Z,digital,['video'],"['ilustracao', 'motion-graphics', 'infografia']","['educacional', 'informacional']",4
ESPM,educacao,Curso de graduação em Tech,Desenvolvimento de vídeo apresentando o curso de graduação em Tech,2017-03-07T00:00:00Z,digital,['video'],"['ilustracao', 'motion-graphics', 'infografia']","['informacional', 'institucional']",3
Agroicone,pesquisa,Infográficos Agroícone,Design e infografia para explicar métodos e atuação da Agroicone,2016-10-18T00:00:00Z,digital,['infografico'],"['editorial', 'infografia']",['institucional'],3
Agroicone,pesquisa,Infográficos Agroícone,Design e infografia para explicar métodos e atuação da Agroicone,2016-10-18T00:00:00Z,digital,['infografico'],"['editorial', 'infografia']",['institucional'],3
F451,comunicacao,Material Institucional da F451,"Site, apresentação e vídeo para F451",2016-08-28T00:00:00Z,digital,['video'],"['ilustracao', 'editorial', 'user-interface', 'infografia']",['institucional'],4
F451,comunicacao,Material Institucional da F451,"Site, apresentação e vídeo para F451",2016-08-28T00:00:00Z,digital,['site-institucional'],"['ilustracao', 'editorial', 'user-interface', 'infografia']",['institucional'],4
B3,financeiro,Investimentos B3,Animação para explicar os investimentos mais populares da B3,2016-08-19T00:00:00Z,digital,['video'],"['ilustracao', 'motion-graphics', 'infografia']","['educacional', 'informacional']",5
B3,financeiro,Investimentos B3,Animação para explicar os investimentos mais populares da B3,2016-08-19T00:00:00Z,digital,['video'],"['ilustracao', 'motion-graphics', 'infografia']","['educacional', 'informacional']",5
B3,financeiro,Investimentos B3,Animação para explicar os investimentos mais populares da B3,2016-08-19T00:00:00Z,digital,['video'],"['ilustracao', 'motion-graphics', 'infografia']","['educacional', 'informacional']",5
B3,financeiro,Investimentos B3,Animação para explicar os investimentos mais populares da B3,2016-08-19T00:00:00Z,digital,['video'],"['ilustracao', 'motion-graphics', 'infografia']","['educacional', 'informacional']",5
ESPM,educacao,ESPM cursos,Narrativas visuais em motion graphics apresentando os cursos de graduação e pós graduação da ESPM,2015-01-20T00:00:00Z,digital,['video'],"['ilustracao', 'motion-graphics', 'infografia']","['educacional', 'informacional']",2
ESPM,educacao,ESPM cursos,Narrativas visuais em motion graphics apresentando os cursos de graduação e pós graduação da ESPM,2015-01-20T00:00:00Z,digital,['video'],"['ilustracao', 'motion-graphics', 'infografia']","['educacional', 'informacional']",2
ESPM,educacao,ESPM cursos,Narrativas visuais em motion graphics apresentando os cursos de graduação e pós graduação da ESPM,2015-01-20T00:00:00Z,digital,['video'],"['ilustracao', 'motion-graphics', 'infografia']","['educacional', 'informacional']",2
ESPM,educacao,ESPM cursos,Narrativas visuais em motion graphics apresentando os cursos de graduação e pós graduação da ESPM,2015-01-20T00:00:00Z,digital,['video'],"['ilustracao', 'motion-graphics', 'infografia']","['educacional', 'informacional']",2
ESPM,educacao,ESPM cursos,Narrativas visuais em motion graphics apresentando os cursos de graduação e pós graduação da ESPM,2015-01-20T00:00:00Z,digital,['video'],"['ilustracao', 'motion-graphics', 'infografia']","['educacional', 'informacional']",2
ESPM,educacao,ESPM cursos,Narrativas visuais em motion graphics apresentando os cursos de graduação e pós graduação da ESPM,2015-01-20T00:00:00Z,digital,['video'],"['ilustracao', 'motion-graphics', 'infografia']","['educacional', 'informacional']",2
Kompost,comunicacao,UBS Bank,Infográfico para apresentação de resultados do banco UBS,2015-09-03T00:00:00Z,digital,['infografico'],"['ilustracao', 'editorial', 'infografia']","['informacional', 'institucional']",1
Kompost,comunicacao,UBS Bank,Infográfico para apresentação de resultados do banco UBS,2015-09-03T00:00:00Z,digital,['infografico'],"['ilustracao', 'editorial', 'infografia']","['informacional', 'institucional']",1
ESPM,educacao,ESPM cursos,Narrativas visuais em motion graphics apresentando os cursos de graduação e pós graduação da ESPM,2015-01-06T00:00:00Z,digital,['video'],"['ilustracao', 'motion-graphics', 'infografia']","['educacional', 'informacional']",2
ESPM,educacao,ESPM cursos,Narrativas visuais em motion graphics apresentando os cursos de graduação e pós graduação da ESPM,2015-01-06T00:00:00Z,digital,['video'],"['ilustracao', 'motion-graphics', 'infografia']","['educacional', 'informacional']",2
ESPM,educacao,ESPM cursos,Narrativas visuais em motion graphics apresentando os cursos de graduação e pós graduação da ESPM,2015-01-06T00:00:00Z,digital,['video'],"['ilustracao', 'motion-graphics', 'infografia']","['educacional', 'informacional']",2
ESPM,educacao,ESPM cursos,Narrativas visuais em motion graphics apresentando os cursos de graduação e pós graduação da ESPM,2015-06-16T00:00:00Z,digital,['video'],"['ilustracao', 'motion-graphics', 'infografia']","['educacional', 'informacional']",2
Estúdio Varanda,comunicacao,Revista Pesquisa Fapesp,Animação para reportagem da Revista Pesquisa Fapesp,2016-09-08T00:00:00Z,digital,['video'],"['motion-graphics', 'infografia']",['educacional'],4
B3,financeiro,B3 Investimentos em ETF,Animações informacionais explicando diferentes tipos de investimentos.,2017-05-06T00:00:00Z,digital,['video'],"['ilustracao', 'motion-graphics', 'infografia']","['educacional', 'informacional']",4
B3,financeiro,B3 Investimentos em ETF,Animações informacionais explicando diferentes tipos de investimentos.,2017-05-06T00:00:00Z,digital,['video'],"['ilustracao', 'motion-graphics', 'infografia']","['educacional', 'informacional']",4